ResellerKey,Reseller,Business Type,Country-Region,State-Province,City
1,A Bike Store,Value Added Reseller,United States,Washington,Seattle
2,Progressive Sports,Specialty Bike Shop,United States,Washington,Renton
3,Advanced Bike Components,Warehouse,United States,Texas,Irving
4,Modular Cycle Systems,Value Added Reseller,United States,Texas,Austin
5,Metropolitan Sports Supply,Specialty Bike Shop,United States,California,Fremont
6,Aerobic Exercise Company,Warehouse,United States,California,Camarillo
7,Associated Bikes,Value Added Reseller,United States,Utah,Salt Lake City
8,Exemplary Cycles,Specialty Bike Shop,United States,Florida,Miami
9,Tandem Bicycle Store,Warehouse,United States,Tennessee,Millington
10,Rural Cycle Emporium,Value Added Reseller,Canada,British Columbia,Burnaby
11,Sharp Bikes,Specialty Bike Shop,Canada,Ontario,Toronto
12,Bikes and Motorbikes,Warehouse,Canada,Ontario,Toronto
13,Country Parts Shop,Value Added Reseller,France,Essonne,Les Ulis
14,Bicycle Warehouse Inc.,Specialty Bike Shop,Germany,Saarland,Frankfurt am Main
15,Budget Toy Store,Warehouse,Australia,New South Wales,Lavender Bay
16,Bulk Discount Store,Value Added Reseller,United Kingdom,England,London
17,Trusted Catalog Store,Specialty Bike Shop,United States,Virginia,Newport News
18,Catalog Store,Warehouse,United States,Michigan,Zeeland
19,Center Cycle Shop,Value Added Reseller,United States,Washington,Bothell
20,Central Discount Store,Specialty Bike Shop,United States,Washington,Kent
21,Chic Department Stores,Warehouse,United States,Texas,Irving
22,Travel Systems,Value Added Reseller,United States,South Dakota,North Sioux City
23,Bike World,Specialty Bike Shop,United States,California,San Ramon
24,Eastside Department Store,Warehouse,United States,California,Union City
25,Coalition Bike Company,Value Added Reseller,United States,California,El Segundo
26,Stylish Department Stores,Specialty Bike Shop,United States,Florida,Miami
27,Sports Sales and Rental,Warehouse,United States,Tennessee,Millington
28,Commuter Bicycle Store,Value Added Reseller,Canada,Ontario,Toronto
29,Cross-Country Riding Supplies,Specialty Bike Shop,Canada,Ontario,Chalk Riber
30,Cycle Merchants,Warehouse,Canada,Quebec,Quebec
31,Wheels Inc.,Value Added Reseller,France,Seine (Paris),Paris
32,Precision Gears Inc.,Specialty Bike Shop,Germany,Saarland,Stuttgart
33,Global Sports Outlet,Warehouse,Australia,New South Wales,Lavender Bay
34,Cycles Wholesaler & Mfg.,Value Added Reseller,United Kingdom,England,Warrington
35,Economic Parts Supply,Specialty Bike Shop,United States,Rhode Island,West Kingston
36,Exotic Bikes,Warehouse,United States,Indiana,South Bend
37,Two Bike Shops,Value Added Reseller,United States,Washington,Puyallup
38,Finer Mart,Specialty Bike Shop,United States,Montana,Billings
39,Fitness Hotel,Warehouse,United States,Minnesota,Edina
40,Journey Sporting Goods,Value Added Reseller,United States,Texas,Laredo
41,Distant Inn,Specialty Bike Shop,United States,California,Milpitas
42,Healthy Activity Store,Warehouse,United States,California,Newport Beach
43,Frugal Bike Shop,Value Added Reseller,United States,Utah,Salt Lake City
44,Games and Sport Supply Company,Specialty Bike Shop,United States,Alabama,Huntsville
45,Every Bike Shop,Warehouse,United States,Tennessee,La Vergne
46,Gear-Shift Bikes Limited,Value Added Reseller,Canada,Alberta,Calgary
47,Greater Bike Store,Specialty Bike Shop,Canada,Ontario,Toronto
48,Grand Industries,Warehouse,Canada,Quebec,Montreal
49,Neighborhood Bicycle Storehouse,Value Added Reseller,France,Nord,Roncq
50,Hometown Riding Supplies,Specialty Bike Shop,Germany,Brandenburg,Berlin
51,Ideal Components,Warehouse,Australia,South Australia,Cloverdale
52,Instruments and Parts Company,Value Added Reseller,United Kingdom,England,Gloucestershire
53,Incomparable Bicycle Store,Specialty Bike Shop,United States,Massachusetts,Norwood
54,Larger Cycle Shop,Warehouse,United States,New York,Melville
55,Kickstands and Accessories Company,Value Added Reseller,United States,Oregon,Medford
56,Latest Accessories Sales,Specialty Bike Shop,United States,Oregon,Portland
57,Leading Sales & Repair,Warehouse,United States,Illinois,West Chicago
58,Largest Bike Store,Value Added Reseller,United States,Illinois,Chicago
59,Locks Company,Specialty Bike Shop,United States,California,Visalia
60,Main Bicycle Services,Warehouse,United States,California,Hayward
61,Many Bikes Store,Value Added Reseller,United States,California,Fullerton
62,Manufacturers Inc,Specialty Bike Shop,United States,Tennessee,Nashville
63,Metro Bike Mart,Warehouse,United States,North Carolina,Greensboro
64,Metal Clearing House,Value Added Reseller,Canada,Ontario,Toronto
65,Metro Manufacturing,Specialty Bike Shop,Canada,Ontario,Weston
66,Neighborhood Store,Warehouse,Canada,British Columbia,Burnaby
67,Self-Contained Cycle Parts Company,Value Added Reseller,France,Essonne,Verrieres Le Buisson
68,North Bike Company,Specialty Bike Shop,Germany,Hamburg,Muehlheim
69,Online Bike Catalog,Warehouse,Australia,New South Wales,Lavender Bay
70,Outdoor Aerobic Systems Company,Value Added Reseller,United Kingdom,England,London
71,Outdoor Distributors,Specialty Bike Shop,United States,Connecticut,Farmington
72,Outdoor Equipment Store,Warehouse,United States,New Hampshire,Nashua
73,Outdoor Sports Supply,Value Added Reseller,United States,Washington,North Bend
74,Parcel Express Delivery Service,Specialty Bike Shop,United States,Oregon,Portland
75,Paint Supply,Warehouse,United States,Texas,Garland
76,Out-of-the-Way Hotels,Value Added Reseller,United States,Illinois,Wood Dale
77,Mechanical Products Ltd.,Specialty Bike Shop,United States,California,San Diego
78,Preferred Bikes,Warehouse,United States,California,Ontario
79,Reasonable Bicycle Sales,Value Added Reseller,United States,Colorado,Greeley
80,Racks and Security Systems,Specialty Bike Shop,United States,Florida,Sunrise
81,Rally Day Mall,Warehouse,United States,Florida,Miami
82,Refined Department Stores,Value Added Reseller,Canada,British Columbia,Vancouver
83,Requisite Part Supply,Specialty Bike Shop,Canada,Ontario,Ottawa
84,Rewarding Activities Company,Warehouse,Canada,Ontario,Etobicoke
85,Roadway Bicycle Supply,Value Added Reseller,France,Hauts de Seine,Courbevoie
86,Bicycle Exporters,Specialty Bike Shop,Germany,Hamburg,Essen
87,Rich Department Store,Warehouse,Australia,New South Wales,Lane Cove
88,Closest Bicycle Store,Value Added Reseller,United Kingdom,England,Milton Keynes
89,Riverside Company,Specialty Bike Shop,United States,Ohio,Oberlin
90,Sales and Supply Company,Warehouse,United States,Virginia,Chantilly
91,Scooters and Bikes Store,Value Added Reseller,United States,Oregon,Beaverton
92,Sports Commodities,Specialty Bike Shop,United States,Washington,Woodinville
93,Stationary Bikes and Stands,Warehouse,United States,Texas,Round Rock
94,Specialty Sports Store,Value Added Reseller,United States,Texas,Fort Worth
95,Rural Department Store,Specialty Bike Shop,United States,California,Pleasanton
96,More Bikes!,Warehouse,United States,California,Santa Ana
97,Mountain Bike Center,Value Added Reseller,United States,California,Newark
98,Superlative Bikes,Specialty Bike Shop,United States,Florida,Miami
99,Unified Sports Company,Warehouse,United States,Florida,Sarasota
100,Up-To-Date Sports,Value Added Reseller,Canada,Ontario,Markham
101,Urban Sports Emporium,Specialty Bike Shop,Canada,Ontario,Toronto
102,National Manufacturing,Warehouse,Canada,Ontario,Toronto
103,The Bike Outlet,Value Added Reseller,France,Seine Saint Denis,Pantin
104,Very Best Sports Supply,Specialty Bike Shop,Germany,Hessen,Duesseldorf
105,Volume Bike Sellers,Warehouse,Australia,New South Wales,Alexandria
106,West Side Mart,Value Added Reseller,United Kingdom,England,Wokingham
107,Wholesale Bikes,Specialty Bike Shop,United States,Massachusetts,Randolph
108,Wheelsets Storehouse,Warehouse,United States,Maine,Kittery
109,Travel Sports,Value Added Reseller,United States,Washington,Issaquah
110,Vintage Sport Boutique,Value Added Reseller,United States,Idaho,Idaho Falls
111,Westside Cycle Store,Specialty Bike Shop,United States,Illinois,Elgin
112,Town Industries,Warehouse,United States,Texas,Dallas
113,Trendy Department Stores,Value Added Reseller,United States,California,Fontana
114,Two Wheels Cycle Store,Specialty Bike Shop,United States,California,San Francisco
115,Security Racks and Locks Wholesalers,Warehouse,United States,Nevada,Sparks
116,Retirement Activities Association,Value Added Reseller,United States,Georgia,Atlanta
117,Pedals Warehouse,Specialty Bike Shop,United States,Georgia,Suwanee
118,Rapid Bikes,Warehouse,Canada,Ontario,Toronto
119,Red Bicycle Company,Value Added Reseller,Canada,Quebec,Pnot-Rouge
120,Machines & Cycles Store,Specialty Bike Shop,Canada,Quebec,Montreal
121,Metro Sports Equipment,Warehouse,France,Loir et Cher,Saint Ouen
122,Off-Price Bike Center,Value Added Reseller,Germany,Hessen,Berlin
123,First Supplies,Specialty Bike Shop,Australia,New South Wales,North Ryde
124,Nearby Sporting Goods,Warehouse,United Kingdom,England,W. York
125,Immediate Repair Shop,Value Added Reseller,United States,Connecticut,Stamford
126,Famous Bike Sales and Service,Specialty Bike Shop,United States,New York,Endicott
127,Front Sporting Goods,Warehouse,United States,Washington,Redmond
128,Demand Distributors,Value Added Reseller,United States,Washington,Wenatchee
129,Discount Bicycle Specialists,Specialty Bike Shop,United States,Illinois,Wood Dale
130,Elite Bikes,Warehouse,United States,Texas,Dallas
131,Eighth Bike Store,Value Added Reseller,United States,California,El Segundo
132,Another Sporting Goods Company,Specialty Bike Shop,United States,Colorado,Westminster
133,Commercial Sporting Goods,Warehouse,United States,California,Modesto
134,Budget Bike Company,Value Added Reseller,United States,Tennessee,Millington
135,Wonderful Bikes Inc.,Specialty Bike Shop,United States,Tennessee,Memphis
136,Wholesale Parts,Warehouse,Canada,Alberta,Calgary
137,Transportation Options,Value Added Reseller,Canada,Alberta,Calgary
138,South Bike Company,Specialty Bike Shop,Canada,British Columbia,Vancouver
139,Steel Inc.,Warehouse,France,Hauts de Seine,Colombes
140,Teen Discount Store,Value Added Reseller,Germany,Hamburg,Bonn
141,Rental Gallery,Specialty Bike Shop,Australia,New South Wales,Lavender Bay
142,Riding Cycles,Warehouse,United Kingdom,England,Liverpool
143,Modern Bike Store,Value Added Reseller,United States,Connecticut,East Haven
144,Only Bikes and Accessories,Specialty Bike Shop,United States,New York,New York
145,Raw Materials Inc,Warehouse,United States,Washington,Redmond
146,Latest Sports Equipment,Value Added Reseller,United States,Washington,Seattle
147,Local Hardware Factory,Specialty Bike Shop,United States,Illinois,Chicago
148,Lots of Bikes Storehouse,Warehouse,United States,Illinois,Carol Stream
149,Initial Bike Company,Value Added Reseller,United States,Colorado,Westminster
150,Fleet Bikes,Specialty Bike Shop,United States,California,Stockton
151,Futuristic Bikes,Warehouse,United States,California,Culver City
152,Distance Bikes,Value Added Reseller,United States,Georgia,Clarkston
153,Widget Bicycle Specialists,Specialty Bike Shop,United States,Florida,Clearwater
154,Camping and Sports Store,Warehouse,Canada,British Columbia,Vancouver
155,Corner Bicycle Supply,Value Added Reseller,Canada,Ontario,Toronto
156,Metal Processing Company,Specialty Bike Shop,Canada,Quebec,Montreal
157,Ace Bicycle Supply,Warehouse,France,Seine (Paris),Paris
158,Rural Sporting Goods,Value Added Reseller,Germany,Nordrhein-Westfalen,Bonn
159,Uncompromising Quality Co,Specialty Bike Shop,Australia,New South Wales,North Ryde
160,Vigorous Sports Store,Warehouse,United Kingdom,England,Oxon
161,Weekend Tours,Value Added Reseller,United States,Indiana,Fort Wayne
162,Tire Company,Specialty Bike Shop,United States,Rhode Island,Warwick
163,Sports Merchandise,Warehouse,United States,Oregon,Klamath Falls
164,Suburban Cycle Shop,Value Added Reseller,United States,Oregon,Troutdale
165,Third Bike Store,Specialty Bike Shop,United States,Texas,Dallas
166,Fitness Toy Store,Warehouse,United States,Texas,Garland
167,Farthermost Bike Shop,Value Added Reseller,United States,California,Carson
168,Economy Bikes Company,Specialty Bike Shop,United States,California,Bell Gardens
169,Downtown Hotel,Warehouse,United States,Nevada,Fernley
170,Excellent Riding Supplies,Value Added Reseller,United States,Tennessee,Memphis
171,Eighty Toy Stores,Specialty Bike Shop,United States,Georgia,Mcdonough
172,Certified Sports Supply,Warehouse,Canada,British Columbia,Richmond
173,Sundry Sporting Goods,Value Added Reseller,Canada,British Columbia,Vancouver
174,Toy Manufacturing Inc,Specialty Bike Shop,Canada,British Columbia,Surrey
175,Registered Cycle Store,Warehouse,France,Loiret,Orleans
176,Rodeway Bike Store,Value Added Reseller,Germany,Saarland,Münster
177,Plastic Products Manufacturers,Specialty Bike Shop,Australia,Queensland,Hawthorne
178,Rampart Amusement Company,Warehouse,United Kingdom,England,W. York
179,Fourth Bike Store,Value Added Reseller,United States,Ohio,Mentor
180,Full-Service Bike Store,Specialty Bike Shop,United States,Michigan,Pontiac
181,Family Entertainment Center,Warehouse,United States,Oregon,Clackamas
182,Another Bicycle Company,Value Added Reseller,United States,Oregon,Milwaukie
183,This Area Sporting Goods,Specialty Bike Shop,United States,Illinois,Chicago
184,Go-cart and Bike Specialists,Warehouse,United States,Texas,Carrollton
185,Weekend Bike Tours,Value Added Reseller,United States,California,San Jose
186,Thrilling Bike Tours,Specialty Bike Shop,United States,New Mexico,Santa Fe
187,Trailblazing Sports,Warehouse,United States,California,Cerritos
188,Variety Bike Outlet,Value Added Reseller,United States,Florida,Miami
189,Principal Bicycle Supply,Specialty Bike Shop,United States,Alabama,Mobile
190,Racing Partners,Warehouse,Canada,Alberta,Calgary
191,Non-Slip Pedal Company,Value Added Reseller,Canada,Ontario,Toronto
192,Nuts and Bolts Mfg.,Specialty Bike Shop,Canada,Ontario,Toronto
193,Perfect Toys,Warehouse,France,Garonne (Haute),Colomiers
194,Mechanical Brake Manufacturers,Value Added Reseller,Germany,Hamburg,München
195,Inexpensive Parts Shop,Specialty Bike Shop,Australia,New South Wales,North Sydney
196,Exhibition Showroom,Warehouse,United Kingdom,England,Milton Keynes
197,"Fabrikam Inc., West",Value Added Reseller,United States,Michigan,Novi
198,Field Trip Inc,Specialty Bike Shop,United States,Michigan,Southfield
199,Authorized Bike Sales and Rental,Warehouse,United States,Washington,Renton
200,Basic Bike Company,Value Added Reseller,United States,Washington,Port Orchard
201,Unsurpassed Bikes,Specialty Bike Shop,United States,Texas,Dallas
202,Two-Seater Bikes,Warehouse,United States,Texas,Plano
203,Separate Parts Corporation,Value Added Reseller,United States,California,Monrovia
204,Traction Tire Company,Specialty Bike Shop,United States,California,Torrance
205,Rally Master Company Inc,Warehouse,United States,Arizona,Chandler
206,New and Used Bicycles,Value Added Reseller,United States,North Carolina,Winston-Salem
207,Lubricant and Grease Suppliers,Specialty Bike Shop,United States,North Carolina,Rocky Mount
208,Professional Cyclists,Warehouse,Canada,Ontario,Toronto
209,Purple Bicycle Company,Value Added Reseller,Canada,Ontario,Scarborough
210,Gasless Cycle Shop,Specialty Bike Shop,Canada,Ontario,Toronto
211,Sports Products Store,Warehouse,France,Seine et Marne,Lieusaint
212,Enterprise Center,Value Added Reseller,Germany,Hessen,München
213,Fast Bike Works,Specialty Bike Shop,Australia,Victoria,South Melbourne
214,Exclusive Bicycle Mart,Warehouse,United Kingdom,England,Lancaster
215,Eleventh Bike Store,Value Added Reseller,United States,Connecticut,Westport
216,Painters Bicycle Specialists,Specialty Bike Shop,United States,Connecticut,Waterbury
217,City Manufacturing,Warehouse,United States,Washington,Shelton
218,Sure & Reliable Sporting Goods,Value Added Reseller,United States,Washington,Longview
219,Extras Sporting Goods,Value Added Reseller,United States,Illinois,Chicago
220,Best o' Bikes,Specialty Bike Shop,United States,Missouri,Saint Louis
221,Bike Dealers Association,Warehouse,United States,New Mexico,Las Cruces
222,Sample Bike Store,Value Added Reseller,United States,Colorado,Denver
223,Paints and Solvents Company,Specialty Bike Shop,United States,Colorado,Englewood
224,Pedal Systems Company,Warehouse,United States,Alabama,Florence
225,Optimal Bikes,Value Added Reseller,United States,Kentucky,Campbellsville
226,Leisure Activities,Specialty Bike Shop,Canada,Quebec,Hull
227,"Health Spa, Limited",Warehouse,Canada,Ontario,Toronto
228,Home Town Bike Store,Value Added Reseller,Canada,Ontario,Ottawa
229,Instant Cycle Store,Specialty Bike Shop,France,Hauts de Seine,Colombes
230,Global Bike Retailers,Warehouse,Germany,Hessen,Bad Soden
231,Helmets and Cycles,Value Added Reseller,Australia,New South Wales,Lavender Bay
232,Exceptional Cycle Services,Specialty Bike Shop,United Kingdom,England,Basingstoke Hants
233,Fashionable Department Stores,Warehouse,United States,New York,New Hartford
234,Eastside Sporting Goods,Value Added Reseller,United States,Indiana,Indianapolis
235,Certified Bicycle Supply,Specialty Bike Shop,United States,Washington,Lynnwood
236,Closeout Boutique,Warehouse,United States,Washington,Seattle
237,Client Discount Store,Value Added Reseller,United States,Illinois,Chicago
238,A Great Bicycle Company,Specialty Bike Shop,United States,Missouri,Jefferson City
239,Bicycle Merchandise Warehouse,Warehouse,United States,California,Santa Monica
240,Wire Baskets and Parts,Value Added Reseller,United States,California,Orange
241,Vale Riding Supplies,Specialty Bike Shop,United States,California,Canoga Park
242,Spoke Manufacturers,Warehouse,United States,Florida,Miami
243,Recreation Supplies,Value Added Reseller,United States,Florida,Kendall
244,Retail Discount Store,Specialty Bike Shop,Canada,Quebec,Montreal
245,Leather Seat Factory,Warehouse,Canada,Quebec,Brossard
246,Large Bike Shop,Value Added Reseller,Canada,Quebec,Montreal
247,Major Amusement Company,Specialty Bike Shop,France,Val de Marne,Orly
248,Good Bicycle Store,Warehouse,Germany,Saarland,Sulzbach Taunus
249,Helpful Sales and Repair Service,Value Added Reseller,Australia,Victoria,Seaford
250,Express Bike Services,Specialty Bike Shop,United Kingdom,England,London
251,Endurance Bikes,Warehouse,United States,Connecticut,Hamden
252,Classic Cycle Store,Value Added Reseller,United States,Connecticut,Milford
253,Roving Sports,Specialty Bike Shop,United States,Washington,Puyallup
254,Safe Cycles Shop,Warehouse,United States,Washington,Bellevue
255,Swift Cycles,Value Added Reseller,United States,Texas,Houston
256,Rental Bikes,Specialty Bike Shop,United States,Texas,Dallas
257,Number 1 Supply,Warehouse,United States,California,Escondido
258,Quantity Discounts,Value Added Reseller,United States,California,Sacramento
259,Highway Bike Shop,Specialty Bike Shop,United States,California,Simi Valley
260,Industrial Supplies,Warehouse,United States,Florida,Miami
261,Functional Store North,Value Added Reseller,United States,Florida,Altamonte Springs
262,General Industries,Specialty Bike Shop,Canada,Alberta,Calgary
263,Farthest Bike Store,Warehouse,Canada,British Columbia,Burnaby
264,Fasteners & Bolts Outlet,Value Added Reseller,Canada,Ontario,Toronto
265,Full Sports Supply,Specialty Bike Shop,France,Seine (Paris),Paris
266,Excellent Bikes,Warehouse,Germany,Bayern,Grevenbroich
267,Cycle Parts and Accessories,Value Added Reseller,Australia,Victoria,Melbourne
268,Channel Outlet,Specialty Bike Shop,United Kingdom,England,High Wycombe
269,Curbside Universe,Warehouse,United States,Ohio,Euclid
270,Active Transport Inc.,Value Added Reseller,United States,Ohio,North Randall
271,Alternative Vehicles,Specialty Bike Shop,United States,Washington,Washougal
272,Metro Cycle Shop,Warehouse,United States,Washington,Tacoma
273,A Typical Bike Shop,Value Added Reseller,United States,Texas,Round Rock
274,Active Systems,Specialty Bike Shop,United States,Minnesota,Duluth
275,Outdoor Sporting Goods,Warehouse,United States,California,Lakewood
276,Thrifty Parts and Sales,Value Added Reseller,United States,California,Oxnard
277,The Bicycle Accessories Company,Specialty Bike Shop,United States,California,Alhambra
278,Tread Industries,Warehouse,United States,Florida,Orlando
279,Reliable Brake Systems,Value Added Reseller,United States,Tennessee,Memphis
280,Standard Bikes,Specialty Bike Shop,Canada,Ontario,Barrie
281,Petroleum Products Distributors,Warehouse,Canada,Quebec,Montreal
282,Quick Parts and Service,Value Added Reseller,Canada,Quebec,Sainte-Foy
283,Racing Supply Distributors,Specialty Bike Shop,France,Seine et Marne,Roissy en Brie
284,Nearby Bike Mall,Warehouse,Germany,Nordrhein-Westfalen,Berlin
285,Nearest Bike Store,Value Added Reseller,Australia,New South Wales,North Ryde
286,Number One Bike Co.,Specialty Bike Shop,United Kingdom,England,Reading
287,Handy Bike Services,Warehouse,United States,Michigan,Madison Heights
288,Kickstand Sellers,Value Added Reseller,United States,Michigan,Westland
289,Moderately-Priced Bikes Store,Specialty Bike Shop,United States,Washington,Renton
290,Friendly Bike Shop,Warehouse,United States,Washington,Bellingham
291,Grand Bicycle Stores,Value Added Reseller,United States,Texas,Baytown
292,Grease and Oil Products Company,Specialty Bike Shop,United States,Texas,Houston
293,Fashionable Bikes and Accessories,Warehouse,United States,Utah,Park City
294,Flawless Bike Shop,Value Added Reseller,United States,California,Vista
295,Engineered Bike Systems,Specialty Bike Shop,United States,California,Oxnard
296,Extreme Toy Store,Warehouse,United States,Alabama,Birmingham
297,Blue-Ribbon Bike Company,Value Added Reseller,United States,Kentucky,Saint Matthews
298,City Cycling,Specialty Bike Shop,Canada,Manitoba,Winnipeg
299,Citywide Service and Repair,Warehouse,Canada,Brunswick,Saint John
300,Nice Bikes,Value Added Reseller,Canada,Ontario,Ottawa
301,Rural Mountain Bike Mart,Specialty Bike Shop,France,Seine (Paris),Paris
302,Best Cycle Store,Warehouse,Germany,Saarland,Offenbach
303,Seaside Bike Works,Value Added Reseller,Australia,New South Wales,North Sydney
304,Essential Bike Works,Specialty Bike Shop,United Kingdom,England,Abingdon
305,Professional Sporting Goods,Warehouse,United States,Indiana,Michigan City
306,Work and Play Association,Value Added Reseller,United States,Michigan,Southgate
307,Riding Associates,Specialty Bike Shop,United States,Washington,Puyallup
308,Rugged Bikes,Warehouse,United States,Washington,Everett
309,The Gear Store,Value Added Reseller,United States,Texas,Houston
310,Orange Bicycle Company,Specialty Bike Shop,United States,Illinois,Peoria
311,Principal Bike Company,Warehouse,United States,California,Upland
312,Resale Services,Value Added Reseller,United States,California,Culver City
313,Metropolitan Manufacturing,Specialty Bike Shop,United States,California,El Cajon
314,One-Piece Handle Bars,Warehouse,United States,Mississippi,Tupelo
315,Juvenile Sports Equipment,Value Added Reseller,United States,Florida,Merritt Island
316,Low Price Cycles,Specialty Bike Shop,Canada,Ontario,Mississauga
317,Finer Riding Supplies,Warehouse,Canada,British Columbia,Burnaby
318,First-Rate Outlet,Value Added Reseller,Canada,British Columbia,Victoria
319,Cycles Sales and Repair,Specialty Bike Shop,France,Seine Saint Denis,Bobigny
320,Amalgamated Parts Shop,Warehouse,Germany,Hamburg,Frankfurt am Main
321,Second Bike Shop,Value Added Reseller,Australia,New South Wales,Matraville
322,Tachometers and Accessories,Specialty Bike Shop,United Kingdom,England,Milton Keynes
323,Metro Bike Works,Warehouse,United States,Michigan,Detroit
324,A Bicycle Association,Value Added Reseller,United States,New York,De Witt
325,All Cycle Shop,Specialty Bike Shop,United States,Washington,Bothell
326,Year-Round Sports,Warehouse,United States,Washington,Kent
327,World of Bikes,Value Added Reseller,United States,Missouri,Saint Louis
328,Totes & Baskets Company,Value Added Reseller,United States,Texas,San Antonio
329,"Unicycles, Bicycles, and Tricycles",Specialty Bike Shop,United States,California,Downey
330,The New Bike Store,Warehouse,United States,California,Hanford
331,Technical Parts Manufacturing,Value Added Reseller,United States,California,Ontario
332,Topnotch Bikes,Specialty Bike Shop,United States,Alabama,Montgomery
333,Resident Cycle Shop,Warehouse,United States,Tennessee,Hixson
334,Retreat Inn,Value Added Reseller,Canada,Ontario,Waterloo
335,Scratch-Resistant Finishes Company,Specialty Bike Shop,Canada,Ontario,Mississauga
336,Primary Bike Distributors,Warehouse,Canada,Quebec,Montreal
337,Recreation Toy Store,Value Added Reseller,France,Hauts de Seine,Paris La Defense
338,Rambling Tours,Specialty Bike Shop,Germany,Saarland,Stuttgart
339,Major Bicycle Store,Warehouse,Australia,New South Wales,Matraville
340,Nearby Cycle Shop,Value Added Reseller,United Kingdom,England,West Sussex
341,Independent Outlet,Specialty Bike Shop,United States,New York,Clay
342,Leather and Vinyl Manufacturing,Warehouse,United States,Indiana,Indianapolis
343,Mail-Order Outlet,Value Added Reseller,United States,Washington,Ellensburg
344,Fifth Bike Store,Specialty Bike Shop,United States,Washington,Everett
345,Genial Bike Associates,Warehouse,United States,Texas,Humble
346,Great Bicycle Supply,Value Added Reseller,United States,Illinois,Moline
347,Bike Universe,Specialty Bike Shop,United States,California,Vacaville
348,Bold Bike Accessories,Warehouse,United States,Colorado,Loveland
349,Exercise Center,Value Added Reseller,United States,California,San Jose
350,Mountain Emporium,Specialty Bike Shop,United States,Tennessee,Nashville
351,Acclaimed Bicycle Company,Warehouse,United States,Georgia,Mcdonough
352,Twelfth Bike Store,Value Added Reseller,Canada,Alberta,Edmonton
353,Two-Wheeled Transit Company,Specialty Bike Shop,Canada,Manitoba,Winnipeg
354,Serious Cycles,Warehouse,Canada,Alberta,Calgary
355,Spare Parts Co.,Value Added Reseller,France,Seine (Paris),Paris
356,Speedometer Sales,Specialty Bike Shop,Germany,Hessen,Hamburg
357,Quality Bike Sales,Warehouse,Australia,South Australia,Findon
358,Mail Market,Value Added Reseller,United Kingdom,England,York
359,Mechanical Sports Center,Specialty Bike Shop,United States,Ohio,Cincinnati
360,Novelty Bikes,Warehouse,United States,Michigan,Saginaw
361,Fitness Supplies,Value Added Reseller,United States,Washington,Sequim
362,Grand Cycle Store,Specialty Bike Shop,United States,Washington,Spokane
363,Immense Manufacturing Company,Warehouse,United States,Missouri,Saint Ann
364,District Mall,Value Added Reseller,United States,Missouri,Ferguson
365,Distinctive Store,Specialty Bike Shop,United States,California,Barstow
366,Extended Bike Sales,Warehouse,United States,California,City Of Commerce
367,Brown Bicycle Company,Value Added Reseller,United States,California,San Diego
368,Elemental Sporting Goods,Specialty Bike Shop,United States,Georgia,Decatur
369,Distinctive Cycles Sales & Service,Warehouse,United States,Kentucky,Florence
370,Acceptable Sales & Service,Value Added Reseller,Canada,Alberta,Calgary
371,Custom Sales and Service,Specialty Bike Shop,Canada,British Columbia,Surrey
372,Top Bike Market,Warehouse,Canada,Ontario,Kingston
373,Township Inn,Value Added Reseller,France,Essonne,Les Ulis
374,Major Equipment Co,Specialty Bike Shop,Germany,Hessen,Salzgitter
375,Region Bike Company,Warehouse,Australia,Queensland,East Brisbane
376,Commerce Bicycle Specialists,Value Added Reseller,United Kingdom,England,Berkshire
377,Grand Sport Boutique,Specialty Bike Shop,United States,Michigan,Saginaw
378,Grown-up Bike Store,Warehouse,United States,Ohio,Springdale
379,Fad Outlet,Value Added Reseller,United States,Oregon,Portland
380,First Department Stores,Specialty Bike Shop,United States,Wyoming,Cheyenne
381,Bicycle Lines Distributors,Warehouse,United States,Missouri,Saint Louis
382,Beneficial Exercises and Activities,Value Added Reseller,United States,Texas,San Antonio
383,Vehicle Shop,Specialty Bike Shop,United States,California,Redlands
384,Sparkling Paint and Finishes,Warehouse,United States,California,San Ysidro
385,Sturdy Toys,Value Added Reseller,United States,California,Gilroy
386,Touring Services,Specialty Bike Shop,United States,South Carolina,Myrtle Beach
387,Racing Association,Warehouse,United States,Alabama,Huntsville
388,Road Way Sales and Rental,Value Added Reseller,Canada,British Columbia,Vancouver
389,Sixth Bike Store,Specialty Bike Shop,Canada,British Columbia,Surrey
390,Plastic Parts Company,Warehouse,Canada,Ontario,Waterloo
391,Pretty Bikes and Toys,Value Added Reseller,France,Seine (Paris),Paris
392,Primary Cycle Shop,Specialty Bike Shop,Germany,Hamburg,Hamburg
393,Gears and Parts Company,Warehouse,Australia,New South Wales,Milsons Point
394,Little Sports Center,Value Added Reseller,United Kingdom,England,York
395,Online Bike Sellers,Specialty Bike Shop,United States,Michigan,Midland
396,Executive Gift Store,Warehouse,United States,Indiana,New Castle
397,Capable Sales and Service,Value Added Reseller,United States,Washington,Seattle
398,Commendable Bikes,Specialty Bike Shop,United States,Idaho,Sandpoint
399,Big Cycle Mall,Warehouse,United States,Texas,Killeen
400,Local Sales and Rental,Value Added Reseller,United States,Illinois,Joliet
401,Brightwork Company,Specialty Bike Shop,United States,Nevada,Las Vegas
402,Pro Sporting Goods,Warehouse,United States,California,Camarillo
403,Affordable Sports Equipment,Value Added Reseller,United States,California,Lake Elsinore
404,Activity Center,Specialty Bike Shop,United States,Tennessee,Crossville
405,Sporting Goods and Bicycle Shop,Warehouse,United States,Tennessee,Kingsport
406,The Commissary,Value Added Reseller,Canada,Quebec,Outremont
407,Workout Emporium,Specialty Bike Shop,Canada,Quebec,Montreal
408,Odometers and Accessories Company,Warehouse,Canada,British Columbia,Richmond
409,Outdoor Toy Store,Value Added Reseller,France,Gers,Aujan Mournede
410,Pedaling Components,Specialty Bike Shop,Germany,Saarland,Kiel
411,Kids and Adults Cycle Shop,Warehouse,Australia,New South Wales,North Sydney
412,Leisure Clearing House,Value Added Reseller,United Kingdom,England,Birmingham
413,Margie's Travel,Specialty Bike Shop,United States,New York,Central Valley
414,Grand Discount Store,Warehouse,United States,Indiana,Daleville
415,Imaginary Toys,Value Added Reseller,United States,Washington,Spokane
416,Impromptu Trips,Specialty Bike Shop,United States,Washington,Union Gap
417,Genuine Bike Shop,Warehouse,United States,Texas,San Antonio
418,Good Bike Shop,Value Added Reseller,United States,Wisconsin,Racine
419,Exertion Activities Club,Specialty Bike Shop,United States,California,Norwalk
420,Extreme Riding Supplies,Warehouse,United States,California,Sherman Oaks
421,Fitness Cycling,Value Added Reseller,United States,California,Whittier
422,Consolidated Sales,Specialty Bike Shop,United States,South Carolina,Gaffney
423,Bike Rims Company,Warehouse,United States,Mississippi,Biloxi
424,Bikes for Two,Value Added Reseller,Canada,Ontario,Richmond Hill
425,Bikes for Kids and Adults,Specialty Bike Shop,Canada,Ontario,Etobicoke
426,Custom Accessories Company,Warehouse,Canada,Ontario,Brampton
427,Atypical Bike Company,Value Added Reseller,France,Seine (Paris),Paris
428,West Wind Distributors,Specialty Bike Shop,Germany,Nordrhein-Westfalen,Hannover
429,Unusual Bicycle Company,Warehouse,Australia,New South Wales,Silverwater
430,Uttermost Bike Shop,Value Added Reseller,United Kingdom,England,Bracknell
431,Small Cycle Store,Specialty Bike Shop,United States,Michigan,Holland
432,Super Sports Store,Warehouse,United States,Indiana,Indianapolis
433,Thorough Parts and Repair Services,Value Added Reseller,United States,Washington,Lacey
434,Road-Way Mart,Specialty Bike Shop,United States,Montana,Missoula
435,Satin Finish Company,Warehouse,United States,Texas,Corpus Christi
436,Sheet Metal Manufacturing,Value Added Reseller,United States,Texas,College Station
437,Professional Cycle Store,Value Added Reseller,United States,Arizona,Phoenix
438,Remarkable Bike Store,Specialty Bike Shop,United States,Nevada,Las Vegas
439,Regional Manufacturing,Warehouse,United States,Arizona,Tucson
440,Hobby Store,Value Added Reseller,United States,Florida,Orlando
441,Leading Bike Distributors,Specialty Bike Shop,United States,Kentucky,Somerset
442,Original Bicycle Supply Company,Warehouse,Canada,Ontario,Toronto
443,Courteous Bicycle Specialists,Value Added Reseller,Canada,Ontario,Richmond Hill
444,Finer Cycle Shop,Specialty Bike Shop,Canada,Alberta,Calgary
445,First Center,Warehouse,France,Seine Saint Denis,Pantin
446,Fitness Toys,Value Added Reseller,Germany,Hamburg,Berlin
447,Cross-town Parts Shop,Specialty Bike Shop,Australia,New South Wales,Springwood
448,Action Bicycle Specialists,Warehouse,United Kingdom,England,Woolston
449,Bike Products and Accessories,Value Added Reseller,United States,Virginia,Virginia Beach
450,Bikes Anyone?,Specialty Bike Shop,United States,Massachusetts,Saugus
451,Roadway Bike Emporium,Warehouse,United States,Oregon,Medford
452,A Cycle Shop,Value Added Reseller,United States,Oregon,Albany
453,Unique Bikes,Specialty Bike Shop,United States,Wisconsin,Milwaukee
454,Sleek Bikes,Warehouse,United States,South Dakota,Denby
455,Timely Shipping Service,Value Added Reseller,United States,California,Alpine
456,Riding Excursions,Specialty Bike Shop,United States,California,Irvine
457,Retail Sporting Equipment,Warehouse,United States,Arizona,Mesa
458,Simple Bike Parts,Value Added Reseller,United States,Florida,Destin
459,Parts Shop,Specialty Bike Shop,United States,Georgia,La Grange
460,Price-Cutter Discount Bikes,Warehouse,Canada,Quebec,Brossard
461,Active Life Toys,Value Added Reseller,Canada,Ontario,Mississauga
462,General Riding Supplies,Specialty Bike Shop,Canada,British Columbia,Richmond
463,Brand New Bikes,Warehouse,France,Essonne,Les Ulis
464,Educational Services,Value Added Reseller,Germany,Saarland,Saarbrücken
465,Expert Cycle Store,Specialty Bike Shop,Australia,New South Wales,St. Leonards
466,Central Bicycle Specialists,Warehouse,United Kingdom,England,Maidenhead
467,The Cycle Store,Value Added Reseller,United States,Virginia,Falls Church
468,Blue Bicycle Company,Specialty Bike Shop,United States,Michigan,Monroe
469,Vast Bike Sales and Rental,Warehouse,United States,Washington,Chehalis
470,Wingtip Toys,Value Added Reseller,United States,Washington,Kennewick
471,Social Activities Club,Specialty Bike Shop,United States,Texas,San Antonio
472,Summer Sports Place,Warehouse,United States,Illinois,Norridge
473,Racing Toys,Value Added Reseller,United States,Arizona,Phoenix
474,Retail Cycle Shop,Specialty Bike Shop,United States,California,Eureka
475,Real Sporting Goods,Warehouse,United States,Arizona,Phoenix
476,Noiseless Gear Company,Value Added Reseller,United States,Georgia,Columbus
477,Quitting Business Distributors,Specialty Bike Shop,United States,Florida,Tampa
478,Major Cycling,Warehouse,Canada,British Columbia,Richmond
479,General Supplies,Value Added Reseller,Canada,Quebec,Ville De'anjou
480,General Bike Corporation,Specialty Bike Shop,Canada,Ontario,Mississauga
481,Getaway Inn,Warehouse,France,Loir et Cher,Saint Ouen
482,"Fabrikam Inc., East",Value Added Reseller,Germany,Brandenburg,Eilenburg
483,Fitness Bike Accessories,Specialty Bike Shop,Australia,New South Wales,Rhodes
484,Downhill Bicycle Specialists,Warehouse,United Kingdom,England,Berks
485,Clamps & Brackets Co.,Value Added Reseller,United States,Virginia,Leesburg
486,Convenient Bike Shop,Specialty Bike Shop,United States,Massachusetts,Braintree
487,Bike Experts,Warehouse,United States,Oregon,Salem
488,Bicycle Accessories and Kits,Value Added Reseller,United States,Idaho,Lewiston
489,Cash & Carry Bikes,Specialty Bike Shop,United States,Texas,Cedar Park
490,Extraordinary Bike Works,Warehouse,United States,Texas,Mesquite
491,Area Bike Accessories,Value Added Reseller,United States,California,Modesto
492,Basic Sports Equipment,Specialty Bike Shop,United States,California,Baldwin Park
493,Valley Bicycle Distributors,Warehouse,United States,California,Citrus Heights
494,Worthwhile Activity Store,Value Added Reseller,United States,Florida,Miami
495,Tough and Reliable Parts,Specialty Bike Shop,United States,Florida,Lakeland
496,Top Sports Supply,Warehouse,Canada,Alberta,Edmonton
497,Valley Toy Store,Value Added Reseller,Canada,British Columbia,Richmond
498,Quick Delivery Service,Specialty Bike Shop,Canada,Ontario,Mississauga
499,Racing Sales and Service,Warehouse,France,Loiret,Orleans
500,Irregulars Outlet,Value Added Reseller,Germany,Hessen,Dresden
501,Jumbo Bikes,Specialty Bike Shop,Australia,New South Wales,Malabar
502,Metropolitan Bicycle Supply,Warehouse,United Kingdom,England,London
503,Metropolitan Sales and Rental,Value Added Reseller,United States,New Hampshire,Hooksett
504,Historic Bicycle Sales,Specialty Bike Shop,United States,Michigan,Redford
505,Honest Repair Service,Warehouse,United States,Washington,Kelso
506,Great Bikes,Value Added Reseller,United States,Wyoming,Casper
507,Global Sporting Goods,Specialty Bike Shop,United States,Texas,Stafford
508,Designer Department Stores,Warehouse,United States,Texas,Hillsboro
509,Fun Toys and Bikes,Value Added Reseller,United States,Arizona,Tucson
510,World Bike Discount Store,Specialty Bike Shop,United States,California,Trabuco Canyon
511,Wheel Gallery,Warehouse,United States,California,San Mateo
512,Tiny Bike Boutique,Value Added Reseller,United States,Tennessee,Nashville
513,Village Tours,Specialty Bike Shop,United States,Kentucky,Newport
514,Retail Mall,Warehouse,Canada,British Columbia,Richmond
515,Rural Bicycle Supply,Value Added Reseller,Canada,Ontario,North York
516,Seats and Saddles Company,Specialty Bike Shop,Canada,Ontario,Kingston
517,Racing Store,Warehouse,France,Essonne,Les Ulis
518,Regional Cycle Shop,Value Added Reseller,Germany,Hessen,Berlin
519,List Price Catalog Company,Specialty Bike Shop,Australia,Victoria,Melbourne
520,Metro Metals Co.,Warehouse,United Kingdom,England,London
521,Mobile Outlet,Value Added Reseller,United States,Rhode Island,Woonsocket
522,Small Bike Accessories Shop,Specialty Bike Shop,United States,New York,Cheektowaga
523,Futuristic Sport Distributors,Warehouse,United States,Colorado,Longmont
524,Chain and Chain Tool Distributions,Value Added Reseller,United States,North Carolina,Smithfield
525,Cycles and Scooters,Specialty Bike Shop,United States,Georgia,Byron
526,Finer Sales and Service,Warehouse,Canada,Ontario,Ottawa
527,Fun Times Club,Value Added Reseller,United States,Colorado,Parker
528,Alpine Ski House,Specialty Bike Shop,United States,California,Elk Grove
529,Big-Time Bike Store,Warehouse,United States,California,Camarillo
530,Valuable Bike Parts Company,Value Added Reseller,United States,Florida,Orlando
531,Sunny Place Bikes,Specialty Bike Shop,United States,Florida,Vero Beach
532,The Showroom,Warehouse,Canada,Ontario,Kanata
533,Tenth Bike Store,Value Added Reseller,Canada,Quebec,Sillery
534,Recommended Bicycles,Specialty Bike Shop,Canada,Ontario,Mississauga
535,Spa and Exercise Outfitters,Warehouse,France,Val d'Oise,Cergy
536,Next Door Cycles,Value Added Reseller,Germany,Saarland,Berlin
537,Preferable Bikes,Specialty Bike Shop,Australia,New South Wales,Rhodes
538,Prosperous Tours,Warehouse,United Kingdom,England,London
539,Glossy Bikes,Value Added Reseller,United States,New York,Lake George
540,Guaranteed Sales and Service,Specialty Bike Shop,United States,Ohio,Burbank
541,Nonskid Tire Company,Warehouse,United States,Montana,Great Falls
542,Finer Parts Shop,Value Added Reseller,United States,Washington,Kirkland
543,Friendly Neighborhood Bikes,Specialty Bike Shop,United States,Wisconsin,Johnson Creek
544,Valley Bicycle Specialists,Warehouse,United States,Missouri,Kansas City
545,Finish and Sealant Products,Value Added Reseller,United States,California,San Bruno
546,Field Trip Store,Value Added Reseller,United States,Colorado,Loveland
547,Curbside Sporting Goods,Specialty Bike Shop,United States,California,Walnut Creek
548,New Bikes Company,Warehouse,United States,South Carolina,Bluffton
549,Daring Rides,Value Added Reseller,United States,Florida,Clearwater
550,Remote Bicycle Specialists,Specialty Bike Shop,Canada,Quebec,Quebec
551,Vinyl and Plastic Goods Corporation,Warehouse,Canada,Ontario,Toronto
552,Consolidated Messenger,Value Added Reseller,Canada,Ontario,Toronto
553,Accessories Network,Specialty Bike Shop,France,Seine (Paris),Paris
554,Top of the Line Bikes,Warehouse,Germany,Hamburg,Paderborn
555,Twin Cycles,Value Added Reseller,Australia,New South Wales,Darlinghurst
556,Variety Cycling,Specialty Bike Shop,United Kingdom,England,London
557,Purchase Mart,Warehouse,United States,Massachusetts,Wrentham
558,Retail Sales and Service,Value Added Reseller,United States,New Hampshire,Tilton
559,Some Discount Store,Specialty Bike Shop,United States,Wyoming,Cheyenne
560,Major Sport Suppliers,Warehouse,United States,Wyoming,Rock Springs
561,Mountain Toy Store,Value Added Reseller,United States,Texas,Sugar Land
562,Practical Bike Supply Company,Specialty Bike Shop,United States,Minnesota,Woodbury
563,Systematic Sales,Warehouse,United States,Arizona,Gilbert
564,Imported and Domestic Cycles,Value Added Reseller,United States,Nevada,North Las Vegas
565,Metallic Paint and Overcoat Co,Specialty Bike Shop,United States,California,Vista
566,eCommerce Bikes,Warehouse,United States,Mississippi,Gulfport
567,Global Plaza,Value Added Reseller,United States,Tennessee,Pigeon Forge
568,Economy Center,Specialty Bike Shop,Canada,Ontario,Toronto
569,Designated Distributors,Warehouse,Canada,Ontario,Nepean
570,Family's Favorite Bike Shop,Value Added Reseller,Canada,Quebec,Montreal
571,Community Department Stores,Specialty Bike Shop,France,Pas de Calais,Boulogne-sur-Mer
572,Versatile Sporting Goods Company,Warehouse,Germany,Nordrhein-Westfalen,Braunschweig
573,Nationwide Supply,Value Added Reseller,Australia,New South Wales,Rhodes
574,Area Sheet Metal Supply,Specialty Bike Shop,United Kingdom,England,London
575,Bicycle Outfitters,Warehouse,United States,Ohio,Cincinnati
576,The Bike Mechanics,Value Added Reseller,United States,Ohio,Mansfield
577,Synthetic Materials Manufacturing,Specialty Bike Shop,United States,Washington,Tacoma
578,The Bike Shop,Warehouse,United States,Washington,Puyallup
579,Riders Company,Value Added Reseller,United States,Minnesota,Branch
580,Rural Sales and Service,Specialty Bike Shop,United States,Texas,San Antonio
581,Safe Toys,Warehouse,United States,New Mexico,Rio Rancho
582,Professional Sales and Service,Value Added Reseller,United States,California,Van Nuys
583,Professional Containers and Packaging Co.,Specialty Bike Shop,United States,Arizona,Surprise
584,Qualified Sales and Repair Services,Warehouse,United States,Georgia,Savannah
585,Next-Door Bike Store,Value Added Reseller,United States,Tennessee,Memphis
586,One Bike Company,Specialty Bike Shop,Canada,Quebec,Montreal
587,Our Sporting Goods Store,Warehouse,Canada,Ontario,Ottawa
588,General Cycle Storehouse,Value Added Reseller,Canada,British Columbia,Burnaby
589,Hiatus Bike Tours,Specialty Bike Shop,France,Seine (Paris),Paris
590,Lustrous Paints and Components,Warehouse,Germany,Saarland,Poing
591,Fitness Discount Store,Value Added Reseller,Australia,Victoria,Melbourne
592,Cycling Goods,Specialty Bike Shop,United Kingdom,England,London
593,Expert Sports Store,Warehouse,United States,Ohio,Holland
594,Casual Bicycle Store,Value Added Reseller,United States,New Hampshire,Nashua
595,Cycle Clearance,Specialty Bike Shop,United States,Oregon,Albany
596,Coho Sports,Warehouse,United States,Washington,Everett
597,All Seasons Sports Supply,Value Added Reseller,United States,Texas,Houston
598,Black Bicycle Company,Specialty Bike Shop,United States,Missouri,Branson
599,Westside Plaza,Warehouse,United States,California,Sand City
600,Strenuous Exercise Shop,Value Added Reseller,United States,California,Norwalk
601,Transport Bikes,Specialty Bike Shop,United States,Utah,Sandy
602,Ultimate Bike Shop,Warehouse,United States,Tennessee,Maryville
603,Retail Toy Store,Value Added Reseller,United States,Florida,Miami
604,Sellers of Cycles,Specialty Bike Shop,United States,Oregon,Clackamas
605,Outstanding Cycles,Warehouse,United States,Washington,Spokane
606,Little Bicycle Supply Shop,Value Added Reseller,United States,Wisconsin,Mosinee
607,Maintenance and Repair for Bicycles,Specialty Bike Shop,United States,Texas,La Marque
608,Golf and Cycle Store,Warehouse,United States,California,La Mesa
609,Good Toys,Value Added Reseller,United States,California,Auburn
610,Fitness Department Stores,Specialty Bike Shop,United States,Arizona,Scottsdale
611,Front Runner Bikes,Warehouse,United States,Florida,Bradenton
612,General Associates,Value Added Reseller,United States,Florida,Hollywood
613,Famous Bike Shop,Specialty Bike Shop,Canada,Ontario,Vancouver
614,Favorite Toy Distributor,Warehouse,France,Seine (Paris),Paris
615,Fast Services,Value Added Reseller,Germany,Nordrhein-Westfalen,Leipzig
616,Eastward Bike Accessories,Specialty Bike Shop,Australia,New South Wales,Matraville
617,Tubeless Tire Company,Warehouse,United Kingdom,England,Oxford
618,Seventh Bike Store,Value Added Reseller,United States,New Hampshire,Plaistow
619,Strong Metal Manufacturing,Specialty Bike Shop,United States,New York,Ithaca
620,Tires and Tubes,Warehouse,United States,Wyoming,Cheyenne
621,Running and Cycling Gear,Value Added Reseller,United States,Washington,Bellingham
622,Gift and Toy Store,Specialty Bike Shop,United States,Illinois,Tuscola
623,Hardware Components,Warehouse,United States,Minnesota,Minneapolis
624,First Cycle Store,Value Added Reseller,United States,Arizona,Scottsdale
625,Major Sporting Goods,Specialty Bike Shop,United States,Arizona,Chandler
626,Retail Sporting Goods,Warehouse,United States,Nevada,Las Vegas
627,Exchange Parts Inc.,Value Added Reseller,United States,North Carolina,Raleigh
628,Executive Discount Store,Specialty Bike Shop,United States,Florida,Miami
629,Efficient Cycling,Warehouse,Canada,Alberta,Calgary
630,Eastside Parts Shop,Value Added Reseller,Canada,Ontario,Toronto
631,Tandem Sales and Service,Specialty Bike Shop,Canada,Ontario,Toronto
632,Ultimate Bicycle Company,Warehouse,France,Essonne,Morangis
633,Rustic Bike Store,Value Added Reseller,Germany,Bayern,Augsburg
634,Sensible Sports,Specialty Bike Shop,Australia,New South Wales,Rhodes
635,Sports Store,Warehouse,United Kingdom,England,Cambridge
636,Recreation Systems,Value Added Reseller,United States,Indiana,Logansport
637,Reliable Retail Center,Specialty Bike Shop,Canada,Ontario,Toronto
638,Metropolitan Equipment,Warehouse,France,Seine (Paris),Paris
639,Producer Goods Clearinghouse,Value Added Reseller,Germany,Bayern,Frankfurt
640,Liquidation Sales,Specialty Bike Shop,Australia,South Australia,Perth
641,Extended Tours,Warehouse,United Kingdom,England,London
642,Fitness Sport Boutique,Value Added Reseller,United States,Maine,Kittery
643,Friendly Bike Shop,Specialty Bike Shop,United States,Michigan,Port Huron
644,Convenient Sales and Service,Warehouse,United States,Oregon,Springfield
645,Superior Hardware Distributors,Value Added Reseller,United States,Oregon,Beaverton
646,Yellow Bicycle Company,Specialty Bike Shop,United States,Missouri,Saint Louis
647,Solid Bike Parts,Warehouse,United States,Texas,Arlington
648,Small Bike Shop,Value Added Reseller,United States,California,El Segundo
649,Sports Products Store,Specialty Bike Shop,United States,California,Santa Ana
650,Permanent Finish Products,Warehouse,United States,Nevada,Reno
651,Retread Tire Company,Value Added Reseller,United States,Georgia,Augusta
652,Selected Distributors,Specialty Bike Shop,United States,Georgia,Marietta
653,Mercantile Outlet,Warehouse,Canada,Ontario,Toronto
654,Online Bike Warehouse,Value Added Reseller,Canada,Ontario,Aurora
655,Operational Manufacturing,Value Added Reseller,Canada,Quebec,Dorval
656,Impervious Paint Company,Specialty Bike Shop,France,Seine (Paris),Paris
657,Links Works,Warehouse,Germany,Hamburg,Ascheim
658,Mass Market Bikes,Value Added Reseller,Australia,New South Wales,Alexandria
659,Shipping Specialists,Specialty Bike Shop,United Kingdom,England,London
660,Exhilarating Cycles,Warehouse,United States,Michigan,Howell
661,General Department Stores,Value Added Reseller,Canada,Alberta,Calgary
662,Finer Sporting Goods,Specialty Bike Shop,France,Nord,Croix
663,Capital Riding Supplies,Warehouse,Germany,Hamburg,Augsburg
664,Eastside Cycle Shop,Value Added Reseller,Australia,Victoria,Melbourne
665,Authentic Sales and Service,Specialty Bike Shop,United Kingdom,England,London
666,Bike Boutique,Warehouse,United States,Ohio,Columbus
667,Traditional Department Stores,Value Added Reseller,United States,New York,Valley Stream
668,Official Parts Shop,Specialty Bike Shop,United States,Washington,Kelso
669,Racing Bike Outlet,Warehouse,United States,Washington,Federal Way
670,First Bike Store,Value Added Reseller,United States,Missouri,Odessa
671,"Contoso, Ltd.",Specialty Bike Shop,United States,Texas,San Antonio
672,Utilitarian Sporting Goods,Warehouse,United States,Utah,Ogden
673,Countryside Company,Value Added Reseller,United States,Utah,Bountiful
674,Discount Tours,Specialty Bike Shop,United States,California,Daly City
675,Bike Goods,Warehouse,United States,Florida,North Miami Beach
676,Better Bike Shop,Value Added Reseller,United States,Georgia,Austell
677,Tire Exchange,Specialty Bike Shop,Canada,Ontario,Ottawa
678,Vigorous Exercise Company,Warehouse,Canada,Ontario,Toronto
679,Superb Sales and Repair,Value Added Reseller,Canada,Quebec,Montreal
680,Racing Tours,Specialty Bike Shop,France,Hauts de Seine,Sèvres
681,Showcase for Cycles,Warehouse,Germany,Saarland,Sulzbach Taunus
682,Popular Bike Lines,Value Added Reseller,Australia,New South Wales,Newcastle
683,Oils and Fluids Warehouse,Specialty Bike Shop,United Kingdom,England,London
684,Lease-a-Bike Shop,Warehouse,United States,Connecticut,Milford
685,Family Cycle Store,Value Added Reseller,Canada,Quebec,Montreal
686,Finished Parts Shop,Specialty Bike Shop,France,Hauts de Seine,Suresnes
687,Functional Store South,Warehouse,Germany,Nordrhein-Westfalen,München
688,Bike Part Wholesalers,Value Added Reseller,Australia,New South Wales,Sydney
689,Consumer Equipment,Specialty Bike Shop,United Kingdom,England,London
690,Active Cycling,Warehouse,United States,Ohio,Heath
691,Mountain Bike Store,Value Added Reseller,United States,Connecticut,New Haven
692,Successful Sales Company,Specialty Bike Shop,United States,Oregon,Tigard
693,Stock Parts and Supplies,Warehouse,United States,Oregon,Hillsboro
694,The Accessories Store,Value Added Reseller,United States,Minnesota,Medford
695,Responsible Bike Dealers,Specialty Bike Shop,United States,Missouri,Kansas City
696,Roadway Supplies,Warehouse,United States,Utah,Riverton
697,Brakes and Gears,Value Added Reseller,United States,Utah,Tooele
698,Western Bike Supplies,Specialty Bike Shop,United States,Utah,Cedar City
699,Sensational Discount Store,Warehouse,United States,North Carolina,Kannapolis
700,Underglaze and Finish Company,Value Added Reseller,United States,North Carolina,Charlotte
701,Future Bikes,Warehouse,Canada,Alberta,Calgary
